{
   "assignee" : null,
   "body" : "I used to think the addresses array into the scriptPubKey (vout) is populated starting from the script, but examining old-fashion multisig transactions, I discovered something made my assumption wrong:\r\n\r\nGiven this three vouts:\r\n\r\n{\r\n    \"value\" : 0.01000000,\r\n    \"n\" : 0,\r\n    \"scriptPubKey\" : {\r\n        \"asm\" : \"1 04cc71eb30d653c0c3163990c47b976f3fb3f37cccdcbedb169a1dfef58bbfbfaff7d8a473e7e2e6d317b87bafe8bde97e3cf8f065dec022b51d11fcdd0d348ac4 0461cbdcc5409fb4b4d42b51d33381354d80e550078cb532a34bfa2fcfdeb7d76519aecc62770f5b0e4ef8551946d8a540911abe3e7854a26f39f58b25c15342af 2 OP_CHECKMULTISIG\",\r\n        \"hex\" : \"514104cc71eb30d653c0c3163990c47b976f3fb3f37cccdcbedb169a1dfef58bbfbfaff7d8a473e7e2e6d317b87bafe8bde97e3cf8f065dec022b51d11fcdd0d348ac4410461cbdcc5409fb4b4d42b51d33381354d80e550078cb532a34bfa2fcfdeb7d76519aecc62770f5b0e4ef8551946d8a540911abe3e7854a26f39f58b25c15342af52ae\",\r\n        \"reqSigs\" : 1,\r\n        \"type\" : \"multisig\",\r\n        \"addresses\" : [\r\n            \"1AJbsFZ64EpEfS5UAjAfcUG8pH8Jn3rn1F\",\r\n            \"1A8JiWcwvpY7tAopUkSnGuEYHmzGYfZPiq\"\r\n        ]\r\n    }\r\n}\r\n\r\n{\r\n    \"value\" : 0.00000002,\r\n    \"n\" : 0,\r\n    \"scriptPubKey\" : {\r\n        \"asm\" : \"1 0351efb6e91a31221652105d032a2508275f374cea63939ad72f1b1e02f477da78 00f2b7816db49d55d24df7bdffdbc1e203b424e8cd39f5651ab938e5e4a193569e 2 OP_CHECKMULTISIG\",\r\n        \"hex\" : \"51210351efb6e91a31221652105d032a2508275f374cea63939ad72f1b1e02f477da782100f2b7816db49d55d24df7bdffdbc1e203b424e8cd39f5651ab938e5e4a193569e52ae\",\r\n        \"reqSigs\" : 1,\r\n        \"type\" : \"multisig\",\r\n        \"addresses\" : [\r\n            \"1NdB761LmTmrJixxp93nz7pEiCx5cKPW44\"\r\n        ]\r\n    }\r\n}\r\nwhich comes respectively from transactions:\r\n\r\n60a20bd93aa49ab4b28d514ec10b06e1829ce6818ec06cd3aabd013ebcdc4bb1 274f8be3b7b9b1a220285f5f71f61e2691dd04df9d69bb02a8b3b85f91fb1857\r\n\r\nI have noticed that they share the same script:\r\n\r\nOP1 OPDATA OPDATA OP2 OP_CHECKMULTISIG\r\n\r\nbut with different results.\r\n\r\nIn the first one transaction you can see two addresses in the addresses array, in the second one you can see only an address.\r\n\r\nAlso, given this one:\r\n\r\n{\r\n    \"value\" : 0.00000001,\r\n    \"n\" : 22,\r\n    \"scriptPubKey\" : {\r\n        \"asm\" : \"1 6565292c66696c653d7379732e737464657272290a0a69662046616c73653a0a202020207072696e742870726f78792e73656e647261777472616e73616374696f 6e287369676e65645f74785b27686578275d29290a656c73653a0a202020207072696e74287369676e65645f7478290a0000000000000000000000000000000000 2 OP_CHECKMULTISIG\",\r\n        \"hex\" : \"51416565292c66696c653d7379732e737464657272290a0a69662046616c73653a0a202020207072696e742870726f78792e73656e647261777472616e73616374696f416e287369676e65645f74785b27686578275d29290a656c73653a0a202020207072696e74287369676e65645f7478290a000000000000000000000000000000000052ae\",\r\n        \"type\" : \"multisig\"\r\n    }\r\n}\r\nwhich comes from transaction 4b72a223007eab8a951d43edc171befeabc7b5dca4213770c88e09ba5b936e17\r\n\r\nNo reqsigs nor addresses comes in the parsed transaction.\r\n\r\nSo, I think I am a little confused on how addresses array is populated, or this is a bug of the decoderawtransaction method.",
   "closed_at" : "2015-08-11T17:21:46Z",
   "closed_by" : {
      "avatar_url" : "https://avatars.githubusercontent.com/u/5659270?v=3",
      "events_url" : "https://api.github.com/users/gdassori/events{/privacy}",
      "followers_url" : "https://api.github.com/users/gdassori/followers",
      "following_url" : "https://api.github.com/users/gdassori/following{/other_user}",
      "gists_url" : "https://api.github.com/users/gdassori/gists{/gist_id}",
      "gravatar_id" : "",
      "html_url" : "https://github.com/gdassori",
      "id" : 5659270,
      "login" : "gdassori",
      "organizations_url" : "https://api.github.com/users/gdassori/orgs",
      "received_events_url" : "https://api.github.com/users/gdassori/received_events",
      "repos_url" : "https://api.github.com/users/gdassori/repos",
      "site_admin" : false,
      "starred_url" : "https://api.github.com/users/gdassori/starred{/owner}{/repo}",
      "subscriptions_url" : "https://api.github.com/users/gdassori/subscriptions",
      "type" : "User",
      "url" : "https://api.github.com/users/gdassori"
   },
   "comments" : 1,
   "comments_url" : "https://api.github.com/repos/bitcoin/bitcoin/issues/6547/comments",
   "created_at" : "2015-08-11T16:18:08Z",
   "events_url" : "https://api.github.com/repos/bitcoin/bitcoin/issues/6547/events",
   "html_url" : "https://github.com/bitcoin/bitcoin/issues/6547",
   "id" : 100350443,
   "labels" : [],
   "labels_url" : "https://api.github.com/repos/bitcoin/bitcoin/issues/6547/labels{/name}",
   "locked" : false,
   "milestone" : null,
   "number" : 6547,
   "state" : "closed",
   "title" : "decoderawtransaction, different parsing of the same script",
   "updated_at" : "2015-08-11T17:21:59Z",
   "url" : "https://api.github.com/repos/bitcoin/bitcoin/issues/6547",
   "user" : {
      "avatar_url" : "https://avatars.githubusercontent.com/u/5659270?v=3",
      "events_url" : "https://api.github.com/users/gdassori/events{/privacy}",
      "followers_url" : "https://api.github.com/users/gdassori/followers",
      "following_url" : "https://api.github.com/users/gdassori/following{/other_user}",
      "gists_url" : "https://api.github.com/users/gdassori/gists{/gist_id}",
      "gravatar_id" : "",
      "html_url" : "https://github.com/gdassori",
      "id" : 5659270,
      "login" : "gdassori",
      "organizations_url" : "https://api.github.com/users/gdassori/orgs",
      "received_events_url" : "https://api.github.com/users/gdassori/received_events",
      "repos_url" : "https://api.github.com/users/gdassori/repos",
      "site_admin" : false,
      "starred_url" : "https://api.github.com/users/gdassori/starred{/owner}{/repo}",
      "subscriptions_url" : "https://api.github.com/users/gdassori/subscriptions",
      "type" : "User",
      "url" : "https://api.github.com/users/gdassori"
   }
}
