{
   "active_lock_reason" : null,
   "assignee" : null,
   "assignees" : [],
   "author_association" : "NONE",
   "body" : "Hello,\r\nanyone can suggest why addresses won't decode in newer versions?\r\n\r\nexample:\r\nbitcoin-core 0.21\r\n```\r\nbitcoin-cli getrawtransaction 9297132b89461da9dee0364db49eeb1c32770550bc5b82e02f1cbaab01043aa3 1\r\n{\r\n  \"txid\": \"9297132b89461da9dee0364db49eeb1c32770550bc5b82e02f1cbaab01043aa3\",\r\n  \"hash\": \"9297132b89461da9dee0364db49eeb1c32770550bc5b82e02f1cbaab01043aa3\",\r\n  \"version\": 1,\r\n  \"size\": 404,\r\n  \"vsize\": 404,\r\n  \"weight\": 1616,\r\n  \"locktime\": 0,\r\n  \"vin\": [\r\n    {\r\n      \"txid\": \"e5e4e758102d9d677e26fa1029a69e1a6dd1e4c60a89990c3c47c207b455fdde\",\r\n      \"vout\": 0,\r\n      \"scriptSig\": {\r\n        \"asm\": \"3045022023ec9d65d61343eafba6498ed668d14a4f30507196eeda42789f9e1e5de471e80221008898d2243728f64e545b3fc13afaf9f3f54a7f1c8f9760708a4a8c7043901fbe[ALL] 04a2d908b30291114a6cc781cb7caca48393bae2faef19189b3262ae9e957204272ff30528a289146141e350869d8b7386acfd6cf20e01e4ad38ab87bf542e2aa0\",\r\n        \"hex\": \"483045022023ec9d65d61343eafba6498ed668d14a4f30507196eeda42789f9e1e5de471e80221008898d2243728f64e545b3fc13afaf9f3f54a7f1c8f9760708a4a8c7043901fbe014104a2d908b30291114a6cc781cb7caca48393bae2faef19189b3262ae9e957204272ff30528a289146141e350869d8b7386acfd6cf20e01e4ad38ab87bf542e2aa0\"\r\n      },\r\n      \"sequence\": 4294967295\r\n    }\r\n  ],\r\n  \"vout\": [\r\n    {\r\n      \"value\": 9.70342805,\r\n      \"n\": 0,\r\n      \"scriptPubKey\": {\r\n        \"asm\": \"OP_DUP OP_HASH160 dcfdb039e694e96dc9f49098abf5abe838ea4a2f OP_EQUALVERIFY OP_CHECKSIG\",\r\n        \"hex\": \"76a914dcfdb039e694e96dc9f49098abf5abe838ea4a2f88ac\",\r\n        \"reqSigs\": 1,\r\n        \"type\": \"pubkeyhash\",\r\n        \"addresses\": [\r\n          \"1M9VZnGuuXBw4YUsgzMPwCNGgBBnsoEGLW\"\r\n        ]\r\n      }\r\n    },\r\n    {\r\n      \"value\": 0.00005757,\r\n      \"n\": 1,\r\n      \"scriptPubKey\": {\r\n        \"asm\": \"OP_DUP OP_HASH160 946cb2e08075bcbaf157e47bcb67eb2b2339d242 OP_EQUALVERIFY OP_CHECKSIG\",\r\n        \"hex\": \"76a914946cb2e08075bcbaf157e47bcb67eb2b2339d24288ac\",\r\n        \"reqSigs\": 1,\r\n        \"type\": \"pubkeyhash\",\r\n        \"addresses\": [\r\n          \"1EXoDusjGwvnjZUyKkxZ4UHEf77z6A5S4P\"\r\n        ]\r\n      }\r\n    },\r\n    {\r\n      \"value\": 0.00005757,\r\n      \"n\": 2,\r\n      \"scriptPubKey\": {\r\n        \"asm\": \"OP_DUP OP_HASH160 966acb4de317bc06c44106c3301229aba2b4ed69 OP_EQUALVERIFY OP_CHECKSIG\",\r\n        \"hex\": \"76a914966acb4de317bc06c44106c3301229aba2b4ed6988ac\",\r\n        \"reqSigs\": 1,\r\n        \"type\": \"pubkeyhash\",\r\n        \"addresses\": [\r\n          \"1EiLHxqVWZ8qPFcRJ4WpZk1HPbmy2PTMs8\"\r\n        ]\r\n      }\r\n    },\r\n    {\r\n      \"value\": 0.00011514,\r\n      \"n\": 3,\r\n      \"scriptPubKey\": {\r\n        \"asm\": \"1 04a2d908b30291114a6cc781cb7caca48393bae2faef19189b3262ae9e957204272ff30528a289146141e350869d8b7386acfd6cf20e01e4ad38ab87bf542e2aa0 021e7be74a6b018374c253d8a7c8530952fd8bed2169a56d6591c483c3b9916b02 2 OP_CHECKMULTISIG\",\r\n        \"hex\": \"514104a2d908b30291114a6cc781cb7caca48393bae2faef19189b3262ae9e957204272ff30528a289146141e350869d8b7386acfd6cf20e01e4ad38ab87bf542e2aa021021e7be74a6b018374c253d8a7c8530952fd8bed2169a56d6591c483c3b9916b0252ae\",\r\n        \"reqSigs\": 1,\r\n        \"type\": \"multisig\",\r\n        \"addresses\": [\r\n          \"1M9VZnGuuXBw4YUsgzMPwCNGgBBnsoEGLW\",\r\n          \"1vAryhyeqrBkYBLcqGEUwPrRC4U4MfbNc\"\r\n        ]\r\n      }\r\n    }\r\n  ],\r\n  \"hex\": \"0100000001defd55b407c2473c0c99890ac6e4d16d1a9ea62910fa267e679d2d1058e7e4e5000000008b483045022023ec9d65d61343eafba6498ed668d14a4f30507196eeda42789f9e1e5de471e80221008898d2243728f64e545b3fc13afaf9f3f54a7f1c8f9760708a4a8c7043901fbe014104a2d908b30291114a6cc781cb7caca48393bae2faef19189b3262ae9e957204272ff30528a289146141e350869d8b7386acfd6cf20e01e4ad38ab87bf542e2aa0ffffffff049541d639000000001976a914dcfdb039e694e96dc9f49098abf5abe838ea4a2f88ac7d160000000000001976a914946cb2e08075bcbaf157e47bcb67eb2b2339d24288ac7d160000000000001976a914966acb4de317bc06c44106c3301229aba2b4ed6988acfa2c00000000000067514104a2d908b30291114a6cc781cb7caca48393bae2faef19189b3262ae9e957204272ff30528a289146141e350869d8b7386acfd6cf20e01e4ad38ab87bf542e2aa021021e7be74a6b018374c253d8a7c8530952fd8bed2169a56d6591c483c3b9916b0252ae00000000\",\r\n  \"blockhash\": \"000000000000000007bd140bd5f9ec7d6195330b125c84ad24adb7f021012502\",\r\n  \"confirmations\": 410973,\r\n  \"time\": 1409535793,\r\n  \"blocktime\": 1409535793\r\n}\r\n```\r\n\r\nbitcoin-core 22.x+\r\n```\r\n{\r\n  \"txid\": \"9297132b89461da9dee0364db49eeb1c32770550bc5b82e02f1cbaab01043aa3\",\r\n  \"hash\": \"9297132b89461da9dee0364db49eeb1c32770550bc5b82e02f1cbaab01043aa3\",\r\n  \"version\": 1,\r\n  \"size\": 404,\r\n  \"vsize\": 404,\r\n  \"weight\": 1616,\r\n  \"locktime\": 0,\r\n  \"vin\": [\r\n    {\r\n      \"txid\": \"e5e4e758102d9d677e26fa1029a69e1a6dd1e4c60a89990c3c47c207b455fdde\",\r\n      \"vout\": 0,\r\n      \"scriptSig\": {\r\n        \"asm\": \"3045022023ec9d65d61343eafba6498ed668d14a4f30507196eeda42789f9e1e5de471e80221008898d2243728f64e545b3fc13afaf9f3f54a7f1c8f9760708a4a8c7043901fbe[ALL] 04a2d908b30291114a6cc781cb7caca48393bae2faef19189b3262ae9e957204272ff30528a289146141e350869d8b7386acfd6cf20e01e4ad38ab87bf542e2aa0\",\r\n        \"hex\": \"483045022023ec9d65d61343eafba6498ed668d14a4f30507196eeda42789f9e1e5de471e80221008898d2243728f64e545b3fc13afaf9f3f54a7f1c8f9760708a4a8c7043901fbe014104a2d908b30291114a6cc781cb7caca48393bae2faef19189b3262ae9e957204272ff30528a289146141e350869d8b7386acfd6cf20e01e4ad38ab87bf542e2aa0\"\r\n      },\r\n      \"sequence\": 4294967295\r\n    }\r\n  ],\r\n  \"vout\": [\r\n    {\r\n      \"value\": 9.70342805,\r\n      \"n\": 0,\r\n      \"scriptPubKey\": {\r\n        \"asm\": \"OP_DUP OP_HASH160 dcfdb039e694e96dc9f49098abf5abe838ea4a2f OP_EQUALVERIFY OP_CHECKSIG\",\r\n        \"desc\": \"addr(1M9VZnGuuXBw4YUsgzMPwCNGgBBnsoEGLW)#e82gnjrl\",\r\n        \"hex\": \"76a914dcfdb039e694e96dc9f49098abf5abe838ea4a2f88ac\",\r\n        \"address\": \"1M9VZnGuuXBw4YUsgzMPwCNGgBBnsoEGLW\",\r\n        \"type\": \"pubkeyhash\"\r\n      }\r\n    },\r\n    {\r\n      \"value\": 0.00005757,\r\n      \"n\": 1,\r\n      \"scriptPubKey\": {\r\n        \"asm\": \"OP_DUP OP_HASH160 946cb2e08075bcbaf157e47bcb67eb2b2339d242 OP_EQUALVERIFY OP_CHECKSIG\",\r\n        \"desc\": \"addr(1EXoDusjGwvnjZUyKkxZ4UHEf77z6A5S4P)#03u9lduk\",\r\n        \"hex\": \"76a914946cb2e08075bcbaf157e47bcb67eb2b2339d24288ac\",\r\n        \"address\": \"1EXoDusjGwvnjZUyKkxZ4UHEf77z6A5S4P\",\r\n        \"type\": \"pubkeyhash\"\r\n      }\r\n    },\r\n    {\r\n      \"value\": 0.00005757,\r\n      \"n\": 2,\r\n      \"scriptPubKey\": {\r\n        \"asm\": \"OP_DUP OP_HASH160 966acb4de317bc06c44106c3301229aba2b4ed69 OP_EQUALVERIFY OP_CHECKSIG\",\r\n        \"desc\": \"addr(1EiLHxqVWZ8qPFcRJ4WpZk1HPbmy2PTMs8)#c68jlngz\",\r\n        \"hex\": \"76a914966acb4de317bc06c44106c3301229aba2b4ed6988ac\",\r\n        \"address\": \"1EiLHxqVWZ8qPFcRJ4WpZk1HPbmy2PTMs8\",\r\n        \"type\": \"pubkeyhash\"\r\n      }\r\n    },\r\n    {\r\n      \"value\": 0.00011514,\r\n      \"n\": 3,\r\n      \"scriptPubKey\": {\r\n        \"asm\": \"1 04a2d908b30291114a6cc781cb7caca48393bae2faef19189b3262ae9e957204272ff30528a289146141e350869d8b7386acfd6cf20e01e4ad38ab87bf542e2aa0 021e7be74a6b018374c253d8a7c8530952fd8bed2169a56d6591c483c3b9916b02 2 OP_CHECKMULTISIG\",\r\n        \"desc\": \"multi(1,04a2d908b30291114a6cc781cb7caca48393bae2faef19189b3262ae9e957204272ff30528a289146141e350869d8b7386acfd6cf20e01e4ad38ab87bf542e2aa0,021e7be74a6b018374c253d8a7c8530952fd8bed2169a56d6591c483c3b9916b02)#vp945myn\",\r\n        \"hex\": 