{
   "assignee" : null,
   "assignees" : [],
   "author_association" : "NONE",
   "body" : "I took a random transaction in a random block.\nWhen attempting to sign an already signed transaction it should report the \"complete\" field as \"true\", in this example it reports false.\n\nResults of a getinfo (txindex is enabled)\n\n```\n{\n    \"version\" : 109900,\n    \"protocolversion\" : 70002,\n    \"walletversion\" : 60000,\n    \"balance\" : 47.88578288,\n    \"blocks\" : 350358,\n    \"timeoffset\" : -1,\n    \"connections\" : 8,\n    \"proxy\" : \"\",\n    \"difficulty\" : 46717549644.70642090,\n    \"testnet\" : false,\n    \"keypoololdest\" : 1400773375,\n    \"keypoolsize\" : 101,\n    \"unlocked_until\" : 1427969640,\n    \"paytxfee\" : 0.00000000,\n    \"relayfee\" : 0.00001000,\n    \"errors\" : \"This is a pre-release test build - use at your own risk - do not use for mining or merchant applications\"\n}\n```\n\nReproduction: \n\n```\n$ bitcoin getrawtransaction be273ceb7449ec7c906ce6ee2cf9e8aab15b025235526a5e61cfd3cbabc628ed\n010000000348c568ba5a38f8d4867a047899763e4e3479b7b0c5cb4b3b781ebe2a1524429a010000006b48304502203892627e4f41925f111fe05d5799b116fb79e5657aff73f6ba36b9b0cce9cc56022100bfaf394005235eb1c4a7386a0eb67638f4f160db4ce34c2f8e2fcc2e11f37cd10121027f1afcc9f4844e790e79ffeb759121f835feaf2d23759fce29adfcadf3215333ffffffff37e031c49696f1d12280ae08a88395976def344f109052e8aea2c496195eb173010000006b483045022100e165809b9d8947b2bac0e8a50de626fd1ab6c1b89feaee00c9d62c327df35c58022061f1e846027b4a097d5297044c086780c2360bb0328106fe3d7d4f815558b1b00121027f1afcc9f4844e790e79ffeb759121f835feaf2d23759fce29adfcadf3215333ffffffff72d305a1af7862d36ce6aad87ec2ab3825e46ef3eec52b0c63260bd1de376019000000006b48304502200eda9f0b6f5d50d26f77b927a30f95b2191c6dda118b294402ab828c4d5993cb02210080df452f3c7feeecab4ea4442e8bdab4dff91f4e879d617ec4e2925833733935012103a37f8496463f5fce71e1f0a213a3da02b1a76d58f651f993d2e17c60524f5455ffffffff0260c93456000000001976a9146db120368f5357adfdfddf2e1f4fdef85e6c947888ac75b80000000000001976a9142c17d7ad8105213a8743583073f1877ea098e66688ac00000000\n\n$ bitcoin signrawtransaction 010000000348c568ba5a38f8d4867a047899763e4e3479b7b0c5cb4b3b781ebe2a1524429a010000006b48304502203892627e4f41925f111fe05d5799b116fb79e5657aff73f6ba36b9b0cce9cc56022100bfaf394005235eb1c4a7386a0eb67638f4f160db4ce34c2f8e2fcc2e11f37cd10121027f1afcc9f4844e790e79ffeb759121f835feaf2d23759fce29adfcadf3215333ffffffff37e031c49696f1d12280ae08a88395976def344f109052e8aea2c496195eb173010000006b483045022100e165809b9d8947b2bac0e8a50de626fd1ab6c1b89feaee00c9d62c327df35c58022061f1e846027b4a097d5297044c086780c2360bb0328106fe3d7d4f815558b1b00121027f1afcc9f4844e790e79ffeb759121f835feaf2d23759fce29adfcadf3215333ffffffff72d305a1af7862d36ce6aad87ec2ab3825e46ef3eec52b0c63260bd1de376019000000006b48304502200eda9f0b6f5d50d26f77b927a30f95b2191c6dda118b294402ab828c4d5993cb02210080df452f3c7feeecab4ea4442e8bdab4dff91f4e879d617ec4e2925833733935012103a37f8496463f5fce71e1f0a213a3da02b1a76d58f651f993d2e17c60524f5455ffffffff0260c93456000000001976a9146db120368f5357adfdfddf2e1f4fdef85e6c947888ac75b80000000000001976a9142c17d7ad8105213a8743583073f1877ea098e66688ac00000000\n{\n    \"hex\" : \"010000000348c568ba5a38f8d4867a047899763e4e3479b7b0c5cb4b3b781ebe2a1524429a010000006b48304502203892627e4f41925f111fe05d5799b116fb79e5657aff73f6ba36b9b0cce9cc56022100bfaf394005235eb1c4a7386a0eb67638f4f160db4ce34c2f8e2fcc2e11f37cd10121027f1afcc9f4844e790e79ffeb759121f835feaf2d23759fce29adfcadf3215333ffffffff37e031c49696f1d12280ae08a88395976def344f109052e8aea2c496195eb173010000006b483045022100e165809b9d8947b2bac0e8a50de626fd1ab6c1b89feaee00c9d62c327df35c58022061f1e846027b4a097d5297044c086780c2360bb0328106fe3d7d4f815558b1b00121027f1afcc9f4844e790e79ffeb759121f835feaf2d23759fce29adfcadf3215333ffffffff72d305a1af7862d36ce6aad87ec2ab3825e46ef3eec52b0c63260bd1de376019000000006b48304502200eda9f0b6f5d50d26f77b927a30f95b2191c6dda118b294402ab828c4d5993cb02210080df452f3c7feeecab4ea4442e8bdab4dff91f4e879d617ec4e2925833733935012103a37f8496463f5fce71e1f0a213a3da02b1a76d58f651f993d2e17c60524f5455ffffffff0260c93456000000001976a9146db120368f5357adfdfddf2e1f4fdef85e6c947888ac75b80000000000001976a9142c17d7ad8105213a8743583073f1877ea098e66688ac00000000\",\n    \"complete\" : false\n}\n```\n",
   "closed_at" : null,
   "closed_by" : null,
   "comments" : 4,
   "comments_url" : "https://api.github.com/repos/bitcoin/bitcoin/issues/5960/comments",
   "created_at" : "2015-04-02T10:10:57Z",
   "events_url" : "https://api.github.com/repos/bitcoin/bitcoin/issues/5960/events",
   "html_url" : "https://github.com/bitcoin/bitcoin/issues/5960",
   "id" : 65897162,
   "labels" : [
      {
         "color" : "0052cc",
         "default" : false,
         "id" : 98279177,
         "name" : "RPC/REST/ZMQ",
         "node_id" : "MDU6TGFiZWw5ODI3OTE3Nw==",
         "url" : "https://api.github.com/repos/bitcoin/bitcoin/labels/RPC/REST/ZMQ"
      }
   ],
   "labels_url" : "https://api.github.com/repos/bitcoin/bitcoin/issues/5960/labels{/name}",
   "locked" : false,
   "milestone" : null,
   "node_id" : "MDU6SXNzdWU2NTg5NzE2Mg==",
   "number" : 5960,
   "repository_url" : "https://api.github.com/repos/bitcoin/bitcoin",
   "state" : "open",
   "title" : "signrawtransaction incorrectly reports \"complete\" as false when the transaction is completely signed",
   "updated_at" : "2015-05-18T08:05:58Z",
   "url" : "https://api.github.com/repos/bitcoin/bitcoin/issues/5960",
   "user" : {
      "avatar_url" : "https://avatars3.githubusercontent.com/u/33329?v=4",
      "events_url" : "https://api.github.com/users/davout/events{/privacy}",
      "followers_url" : "https://api.github.com/users/davout/followers",
      "following_url" : "https://api.github.com/users/davout/following{/other_user}",
      "gists_url" : "https://api.github.com/users/davout/gists{/gist_id}",
      "gravatar_id" : "",
      "html_url" : "https://github.com/davout",
      "id" : 33329,
      "login" : "davout",
      "node_id" : "MDQ6VXNlcjMzMzI5",
      "organizations_url" : "https://api.github.com/users/davout/orgs",
      "received_events_url" : "https://api.github.com/users/davout/received_events",
      "repos_url" : "https://api.github.com/users/davout/repos",
      "site_admin" : false,
      "starred_url" : "https://api.github.com/users/davout/starred{/owner}{/repo}",
      "subscriptions_url" : "https://api.github.com/users/davout/subscriptions",
      "type" : "User",
      "url" : "https://api.github.com/users/davout"
   }
}
